Url,Broken Destination URL,Anchor Text
https://terrifictravel.co.uk/v/coaster-minibus-city-tour,https://terrifictravel.co.uk/transports,Transports
https://terrifictravel.co.uk/v/family-suv-intercity-transfer,https://terrifictravel.co.uk/transports,Transports
https://terrifictravel.co.uk/v/gmc-airport,https://terrifictravel.co.uk/transports,Transports
https://terrifictravel.co.uk/v/luxury-coach-bus-large-group,https://terrifictravel.co.uk/transports,Transports
https://terrifictravel.co.uk/v/luxury-minivan-vip-transfer,https://terrifictravel.co.uk/transports,Transports
https://terrifictravel.co.uk/v/morocco-tourist,https://terrifictravel.co.uk/visas,Visas
https://terrifictravel.co.uk/v/pakistan-tourist-visa,https://terrifictravel.co.uk/visas,Visas
https://terrifictravel.co.uk/v/saudi-arabia-e-wavier-visa,https://terrifictravel.co.uk/visas,Visas
https://terrifictravel.co.uk/v/saudi-arabia-tourist-visa,https://terrifictravel.co.uk/visas,Visas
https://terrifictravel.co.uk/v/saudi-arabia-umrah-visa,https://terrifictravel.co.uk/visas,Visas
https://terrifictravel.co.uk/v/saudi-tourist-multiple-nationalities,https://terrifictravel.co.uk/visas,Visas
https://terrifictravel.co.uk/v/standard-minivan-group-transfer,https://terrifictravel.co.uk/transports,Transports
https://terrifictravel.co.uk/v/standard-sedan-airport-transfer,https://terrifictravel.co.uk/transports,Transports
https://terrifictravel.co.uk/v/thailand-tourist-e-visa,https://terrifictravel.co.uk/visas,Visas
https://terrifictravel.co.uk/v/turkey-tourist-visa,https://terrifictravel.co.uk/visas,Visas
https://terrifictravel.co.uk/v/vip-luxury-sedan-transfer,https://terrifictravel.co.uk/transports,Transports
