Url,meta_description
https://terrifictravel.co.uk/book?type=flight&destination=Accra,"Secure your flight, request a free Umrah quote, or plan your next custom journey with Terrific Travel Ltd. We offer flexible options and 24/7 support."
https://terrifictravel.co.uk/book?type=flight&destination=Cape%20Town,"Secure your flight, request a free Umrah quote, or plan your next custom journey with Terrific Travel Ltd. We offer flexible options and 24/7 support."
https://terrifictravel.co.uk/book?type=flight&destination=Harare%20,"Secure your flight, request a free Umrah quote, or plan your next custom journey with Terrific Travel Ltd. We offer flexible options and 24/7 support."
https://terrifictravel.co.uk/book?type=flight&destination=Manila%20,"Secure your flight, request a free Umrah quote, or plan your next custom journey with Terrific Travel Ltd. We offer flexible options and 24/7 support."
https://terrifictravel.co.uk/v/079ff3bd-6014-11f1-8249-6afcf4d04328,"Find the best deals on economy flights from London to Dhaka (DAC), Bangladesh."
https://terrifictravel.co.uk/v/e558e14e-5f46-11f1-8249-6afcf4d04328,"Discover Qatar Airways flight to Dar es Salaam with Terrific Travel Ltd. Expert services, great prices, and fully protected bookings."
https://terrifictravel.co.uk/v/e558e3e9-5f46-11f1-8249-6afcf4d04328,"Discover KLM flight to Kilimanjaro with Terrific Travel Ltd. Expert services, great prices, and fully protected bookings."
https://terrifictravel.co.uk/v/e558e771-5f46-11f1-8249-6afcf4d04328,"Discover Qatar Airways flight to Zanzibar with Terrific Travel Ltd. Expert services, great prices, and fully protected bookings."
https://terrifictravel.co.uk/v/economy-flight-london-to-dhaka,"Find the best deals on economy flights from London to Dhaka (DAC), Bangladesh."
https://terrifictravel.co.uk/v/uk-to-dar-es-salaam-flights,"Discover Qatar Airways flight to Dar es Salaam with Terrific Travel Ltd. Expert services, great prices, and fully protected bookings."
https://terrifictravel.co.uk/v/uk-to-kilimanjaro-flights,"Discover KLM flight to Kilimanjaro with Terrific Travel Ltd. Expert services, great prices, and fully protected bookings."
https://terrifictravel.co.uk/v/uk-to-zanzibar-flights,"Discover Qatar Airways flight to Zanzibar with Terrific Travel Ltd. Expert services, great prices, and fully protected bookings."
