Url,content_count_words
https://terrifictravel.co.uk/book?type=flight&destination=Accra,45
https://terrifictravel.co.uk/book?type=flight&destination=Cape%20Town,45
https://terrifictravel.co.uk/book?type=flight&destination=Harare%20,45
https://terrifictravel.co.uk/book?type=flight&destination=Manila%20,45
https://terrifictravel.co.uk/contact,155
https://terrifictravel.co.uk/v/079ff3bd-6014-11f1-8249-6afcf4d04328,170
https://terrifictravel.co.uk/v/e558dda2-5f46-11f1-8249-6afcf4d04328,168
https://terrifictravel.co.uk/v/e558e14e-5f46-11f1-8249-6afcf4d04328,176
https://terrifictravel.co.uk/v/e558e3e9-5f46-11f1-8249-6afcf4d04328,165
https://terrifictravel.co.uk/v/e558e771-5f46-11f1-8249-6afcf4d04328,168
https://terrifictravel.co.uk/v/e558e981-5f46-11f1-8249-6afcf4d04328,165
https://terrifictravel.co.uk/v/economy-flight-london-to-dhaka,170
https://terrifictravel.co.uk/v/gmc-airport,179
https://terrifictravel.co.uk/v/luxury-coach-bus-large-group,194
https://terrifictravel.co.uk/v/luxury-minivan-vip-transfer,195
https://terrifictravel.co.uk/v/morocco-tourist,175
https://terrifictravel.co.uk/v/navigating-airport-security-like-a-pro,195
https://terrifictravel.co.uk/v/pakistan-tourist-visa,178
https://terrifictravel.co.uk/v/saudi-arabia-e-wavier-visa,181
https://terrifictravel.co.uk/v/saudi-arabia-tourist-visa,178
https://terrifictravel.co.uk/v/saudi-arabia-umrah-visa,176
https://terrifictravel.co.uk/v/saudi-stopover-transit-visa,198
https://terrifictravel.co.uk/v/standard-minivan-group-transfer,196
https://terrifictravel.co.uk/v/standard-sedan-airport-transfer,195
https://terrifictravel.co.uk/v/turkey-tourist-visa,174
https://terrifictravel.co.uk/v/uk-to-dar-es-salaam-flights,176
https://terrifictravel.co.uk/v/uk-to-kilimanjaro-flights,165
https://terrifictravel.co.uk/v/uk-to-kisumu-flights,168
https://terrifictravel.co.uk/v/uk-to-mombasa-flights,168
https://terrifictravel.co.uk/v/uk-to-nairobi-flights,168
https://terrifictravel.co.uk/v/uk-to-zanzibar-flights,168
https://terrifictravel.co.uk/v/understanding-airline-baggage-allowances,184
