Url,seo_friendly_url_keywords_check
https://terrifictravel.co.uk/v/10-nights-4-star-umrah,False
https://terrifictravel.co.uk/v/10-nights-5-star-deluxe-umrah-package,False
https://terrifictravel.co.uk/v/14-nights-5-star-umrah,False
https://terrifictravel.co.uk/v/15-days-spiritual-journey-coastal-retreat,False
https://terrifictravel.co.uk/v/16-days-east-med-repositioning-umrah,False
https://terrifictravel.co.uk/v/7-nights-3-star-umrah,False
https://terrifictravel.co.uk/v/7-nights-5-star-umrah,False
https://terrifictravel.co.uk/v/7-nights-5-star-umrah-package,False
https://terrifictravel.co.uk/v/best-places-visit-makkah-madinah-ziyarat,False
https://terrifictravel.co.uk/v/cmsypohol0006iveobx3xs7w7,False
https://terrifictravel.co.uk/v/cmt73ifxu001d13zgtbxjl3k7,False
https://terrifictravel.co.uk/v/dubai-city-break,False
https://terrifictravel.co.uk/v/greek-islands-romance,False
https://terrifictravel.co.uk/v/iceland-northern-lights-expedition,False
https://terrifictravel.co.uk/v/maldives-luxury-escape,False
https://terrifictravel.co.uk/v/vip-non-shifting-hajj-package,False
