Url,title
https://terrifictravel.co.uk/v/10-day-private-4-star-umrah-dec,Hajj and Umrah Flights from UK | 10-Day Umrah Package - 06 DEC - 16 DEC
https://terrifictravel.co.uk/v/10-nights-5-star-deluxe-umrah-package,Luxury Hajj and Umrah Flights from UK - October 2026 – April 2027 (Custom Dates Available)
https://terrifictravel.co.uk/v/12-days-express-umrah-red-sea-escape,Hajj and Umrah Flights from UK - 12-Day Package - 15 Oct 2026 - 27 Oct 2026
https://terrifictravel.co.uk/v/12-nights-5-star-umrah,Hajj and Umrah Flights from UK – 12 Nights Luxury Package - Flexible
https://terrifictravel.co.uk/v/14-days-red-sea-halal-cruise-umrah,Hajj and Umrah Flights from UK - 14 Days Luxury Package - 20 Sep 2026 - 04 Oct 2026
https://terrifictravel.co.uk/v/14-nights-4-star-umrah,Hajj and Umrah Flights from UK - 14 Nights Luxury Package - Flexible
https://terrifictravel.co.uk/v/15-days-serene-red-sea-premium-umrah,15 Days Serene Red Sea & Premium Umrah - 10 Nov 2026 - 25 Nov 2026
https://terrifictravel.co.uk/v/15-days-spiritual-journey-coastal-retreat,Hajj and Umrah Flights from UK - Exclusive Package - 05 Nov 2026 - 20 Nov 2026
https://terrifictravel.co.uk/v/16-days-east-med-repositioning-umrah,Hajj and Umrah Flights from UK - Halal Cruise Package - 12 Sep 2026 - 28 Sep 2026
https://terrifictravel.co.uk/v/17-days-premium-umrah-red-sea-cruise,Hajj and Umrah Flights from UK - Premium Package - 17 Dec 2026 - 03 Jan 2027
https://terrifictravel.co.uk/v/7-nights-5-star-umrah-package,Hajj and Umrah Flights from UK – Luxury Packages - Flexible departures throughout 2026/27
https://terrifictravel.co.uk/v/a-complete-guide-to-umrah-everything-you-need-to-know-before-your-spiritual-journey,A Complete Guide to Umrah: Everything You Need to Know Before Your Spiritual Journey
https://terrifictravel.co.uk/v/affordable-summer-umrah-packages-2026,Affordable Summer Umrah Packages 2026 - Flexible departures throughout 2026/27
https://terrifictravel.co.uk/v/bali-tropical-wellness-retreat,Cheap Flights to Jeddah from London - Bali Retreat - Flexible departures throughout 2026/27
https://terrifictravel.co.uk/v/best-deals-on-umrah-flights-uk,Best Deals on Umrah Flights from the UK - Available from October 2023 to March 2024
https://terrifictravel.co.uk/v/best-umrah-packages-from-uk,"Best Umrah Packages from the UK - Available throughout the year, with special offers during Ramadan."
https://terrifictravel.co.uk/v/cheap-family-holidays-abroad,Cheap Family Holidays Abroad - Spain Getaway - Available from April to October 2024
https://terrifictravel.co.uk/v/cheap-family-holidays-abroad-from-uk,Cheap Family Holidays to Spain from UK - Available from April to October 2024
https://terrifictravel.co.uk/v/cheap-family-holidays-to-dubai,"Cheap Family Holidays to Dubai | Affordable Packages - Available throughout the summer season, from June to September."
https://terrifictravel.co.uk/v/cheap-flights-for-umrah-from-uk,"Cheap Flights for Umrah from UK - Affordable Packages - Available throughout the year, subject to flight availability."
https://terrifictravel.co.uk/v/cheap-flights-to-jeddah-from-uk,Cheap Flights to Jeddah from UK - 7 Nights - Available throughout the year with seasonal variations.
https://terrifictravel.co.uk/v/cheap-flights-to-mecca-from-uk,Cheap Flights to Mecca from UK - Affordable Packages - Available for travel from January to March 2024
https://terrifictravel.co.uk/v/cheap-flights-to-medina-from-uk,"Cheap Flights to Medina from UK - Affordable Package - Available year-round, with peak seasons during religious holidays."
https://terrifictravel.co.uk/v/cheap-flights-to-saudi-arabia,Affordable Flights to Saudi Arabia from the UK - Travel Package - Valid for travel from January to March 2024
https://terrifictravel.co.uk/v/cheap-flights-to-saudi-arabia-from-london,Cheap Flights to Saudi Arabia from London - Available for travel from January to March 2024
https://terrifictravel.co.uk/v/cheap-flights-to-saudi-from-uk,Cheap Flights to Saudi Arabia from UK - Travel Package - Valid for travel from January to March 2024
https://terrifictravel.co.uk/v/cheap-flights-umrah-from-uk,"Cheap Flights for Umrah from the UK - Available throughout the year, with peak seasons during Ramadan and Dhul Hijjah."
https://terrifictravel.co.uk/v/cheap-umrah-flights-from-manchester,Cheap Umrah Flights from Manchester - 7 Nights - Available throughout the year
https://terrifictravel.co.uk/v/cheap-umrah-packages-from-uk,Cheap Umrah Packages from UK - Affordable Travel - Available throughout the year with flexible dates.
https://terrifictravel.co.uk/v/cheapest-umrah-flights-from-uk,"Cheapest Umrah Flights from UK - Affordable Packages - Available year-round, with special rates during Ramadan"
https://terrifictravel.co.uk/v/dubai-city-break,Cheap Flights to Jeddah from London - Holiday Package - Flexible departures throughout 2026/27
https://terrifictravel.co.uk/v/essential-packing-list-umrah-2026,Essential Umrah Packing List for 2026 | Affordable Packages from the UK
https://terrifictravel.co.uk/v/family-holidays-package-deals,Family Holidays Package Deals to Bahamas from the UK - Available from June to August 2024
https://terrifictravel.co.uk/v/family-umrah-package-deals,"Family Umrah Package Deals | Spiritual Journey - Available throughout the year, with special packages during Ramadan and school holidays."
https://terrifictravel.co.uk/v/greek-islands-romance,Cheap Flights to Jeddah from London - Available May 2026 - October 2026
https://terrifictravel.co.uk/v/hajj-2027-maktab-a-no-shifting,Maktab A No Shifting Hajj Package 2027 | Traveleap Global - Hajj 2027
https://terrifictravel.co.uk/v/hajj-2027-maktab-b-no-shifting,Maktab B No Shifting Hajj Package 2027 | Traveleap Global - Hajj 2027
https://terrifictravel.co.uk/v/hajj-2027-maktab-c-22-days,22-Day Maktab C Hajj Package 2027 | alHajj Travel & Tours - Hajj 1448H - 2027
https://terrifictravel.co.uk/v/hajj-2027-maktab-c-26-days,26-Day Maktab C Hajj Package 2027 | alHajj Travel & Tours - Hajj 1448H - 2027
https://terrifictravel.co.uk/v/hajj-2027-zone-1-maktab-a-14-days,Hajj 2027 Zone 1 Maktab A - 14 Days | alHajj Travel & Tours - May 2027
https://terrifictravel.co.uk/v/hajj-2027-zone-1-maktab-a-20-days,Hajj 2027 Zone 1 Maktab A - 20 Days | alHajj Travel & Tours - May 2027
https://terrifictravel.co.uk/v/how-to-get-umrah-visa-from-uk,"Umrah Visa Package from the UK - 7 Nights - Valid for travel throughout the year 2024, with peak season options available."
https://terrifictravel.co.uk/v/iceland-northern-lights-expedition,Cheap Flights to Jeddah from London - Holiday Package - Available October 2026 - March 2027
https://terrifictravel.co.uk/v/istanbul-city-break-package,Cheap Flights to Jeddah from London - Holiday Package - Flexible departures throughout 2026/27
https://terrifictravel.co.uk/v/last-minute-umrah-packages-uk,Last Minute Umrah Packages from the UK - Available for travel within the next 30 days
https://terrifictravel.co.uk/v/maldives-luxury-escape,Cheap Flights to Jeddah from London - Flexible departures throughout 2026/27
https://terrifictravel.co.uk/v/new-york-city-highlights,Cheap Flights to Jeddah from London - New York Package - Flexible departures throughout 2026/27
https://terrifictravel.co.uk/v/saudi-tourist-multiple-nationalities,Saudi Arabia Tourist Visas - Multiple Nationalities | Terrific Travel LTD
https://terrifictravel.co.uk/v/standard-shifting-hajj-package,Hajj and Umrah Flights from UK - Premium Package - Flexible departures throughout 2026/27
https://terrifictravel.co.uk/v/step-by-step-guide-how-to-perform-umrah,Complete Guide to Performing Umrah: Preparation & Spiritual Insights
https://terrifictravel.co.uk/v/swiss-alps-adventure,Cheap Flights to Jeddah from London | Premium Swiss Alps - Flexible departures throughout 2026/27
https://terrifictravel.co.uk/v/uk-departures-umrah-packages,UK Departures Umrah Packages - 10 Nights - Available year-round with flexible travel dates.
https://terrifictravel.co.uk/v/umrah-packages-2026,Umrah Packages 2026 from the UK - Ultimate Experience - Available from March to November 2026
https://terrifictravel.co.uk/v/umrah-packages-from-the-uk,"Umrah Packages from the UK - Exclusive Offer - Available throughout the year, with peak seasons during Ramadan and the Hajj period."
https://terrifictravel.co.uk/v/umrah-packages-with-visa-included,"Umrah Packages with Visa Included - 10 Nights - Available throughout the year, peak seasons may vary."
https://terrifictravel.co.uk/v/umrah-travel-packages-from-uk,Umrah Travel Packages from the UK - 10 Nights - October 2023 - March 2024
https://terrifictravel.co.uk/v/vip-non-shifting-hajj-package,Hajj and Umrah Flights from UK - Luxury Experience - Flexible departures throughout 2026/27
https://terrifictravel.co.uk/v/visa-for-umrah-from-uk,"Visa for Umrah from UK - Hassle-Free Package - Available throughout the year, with peak seasons during Ramadan and Dhul Hijjah."
